<?xml version="1.0" encoding="UTF-8"?>
<project-private xmlns="http://www.netbeans.org/ns/project-private/1">
    <editor-bookmarks xmlns="http://www.netbeans.org/ns/editor-bookmarks/2" lastBookmarkId="0"/>
    <open-files xmlns="http://www.netbeans.org/ns/projectui-open-files/2">
        <group>
            <file>file:/C:/Users/user/Documents/NetBeansProjects/GUICS/src/guics/Main.java</file>
            <file>file:/C:/Users/user/Documents/NetBeansProjects/GUICS/src/guics/NotAvail.java</file>
            <file>file:/C:/Users/user/Documents/NetBeansProjects/GUICS/src/guics/Reports.java</file>
            <file>file:/C:/Users/user/Documents/NetBeansProjects/GUICS/src/guics/View.java</file>
            <file>file:/C:/Users/user/Documents/NetBeansProjects/GUICS/src/guics/Available.java</file>
            <file>file:/C:/Users/user/Documents/NetBeansProjects/GUICS/src/guics/InOut.java</file>
            <file>file:/C:/Users/user/Documents/NetBeansProjects/GUICS/src/guics/Delete.java</file>
            <file>file:/C:/Users/user/Documents/NetBeansProjects/GUICS/src/guics/Peripheral.java</file>
            <file>file:/C:/Users/user/Documents/NetBeansProjects/GUICS/src/guics/Output.java</file>
            <file>file:/C:/Users/user/Documents/NetBeansProjects/GUICS/src/guics/AllPeripherals.java</file>
            <file>file:/C:/Users/user/Documents/NetBeansProjects/GUICS/src/guics/Input.java</file>
            <file>file:/C:/Users/user/Documents/NetBeansProjects/GUICS/src/guics/Employee.java</file>
            <file>file:/C:/Users/user/Documents/NetBeansProjects/GUICS/src/guics/Update.java</file>
        </group>
    </open-files>
</project-private>
